order_item_id,order_id,product_id,quantity,price
1,1,8,2,107.43
2,2,39,1,404.47
3,2,25,4,388.8
4,2,39,4,404.47
5,2,34,3,90.07
6,3,44,1,203.86
7,4,50,3,498.69
8,4,8,3,107.43
9,4,28,2,321.49
10,5,33,2,271.73
11,5,33,1,271.73
12,5,41,3,457.44
13,6,10,3,298.74
14,6,49,2,205.71
15,7,1,3,22.26
16,7,32,1,308.47
17,7,8,3,107.43
18,7,20,2,48.61
19,7,4,2,52.6
20,8,47,4,274.1
21,9,50,2,498.69
22,9,9,4,215.56
23,9,36,2,117.61
24,9,17,4,305.83
25,9,14,2,479.03
26,10,29,4,89.7
27,10,8,2,107.43
28,10,15,1,60.08
29,11,38,2,122.23
30,11,1,1,22.26
31,12,3,3,370.87
32,13,14,2,479.03
33,13,47,4,274.1
34,13,16,4,57.39
35,13,27,2,196.26
36,14,27,4,196.26
37,14,47,1,274.1
38,14,44,1,203.86
39,14,4,4,52.6
40,15,16,2,57.39
41,16,12,3,352.09
42,16,30,2,112.66
43,16,5,4,25.57
44,16,36,1,117.61
45,17,6,2,117.13
46,18,26,1,429.11
47,18,11,4,381.82
48,19,19,4,71.16
49,19,45,4,80.01
50,19,10,2,298.74
51,19,19,2,71.16
52,20,4,3,52.6
53,20,4,1,52.6
54,20,38,4,122.23
55,20,33,2,271.73
56,20,4,1,52.6
57,21,26,1,429.11
58,21,37,2,423.0
59,22,27,3,196.26
60,23,16,3,57.39
61,23,26,2,429.11
62,23,43,3,114.19
63,24,1,4,22.26
64,25,9,3,215.56
65,25,5,2,25.57
66,25,24,3,32.45
67,26,40,1,141.19
68,26,43,3,114.19
69,26,43,1,114.19
70,27,7,2,304.99
71,28,14,3,479.03
72,28,33,4,271.73
73,28,17,1,305.83
74,29,3,1,370.87
75,29,22,2,443.87
76,29,41,3,457.44
77,30,36,1,117.61
78,30,8,1,107.43
79,30,45,2,80.01
80,30,35,1,142.27
81,31,28,2,321.49
82,31,3,3,370.87
83,32,23,2,292.9
84,33,50,4,498.69
85,33,40,2,141.19
86,33,16,2,57.39
87,34,27,2,196.26
88,34,18,2,367.57
89,34,45,1,80.01
90,35,15,2,60.08
91,35,30,3,112.66
92,35,20,2,48.61
93,35,15,1,60.08
94,36,5,3,25.57
95,36,23,4,292.9
96,36,44,3,203.86
97,37,12,3,352.09
98,37,3,1,370.87
99,37,39,4,404.47
100,38,33,1,271.73
101,38,25,2,388.8
102,38,17,1,305.83
103,38,46,4,130.85
104,38,1,2,22.26
105,39,40,3,141.19
106,39,43,1,114.19
107,39,47,3,274.1
108,40,26,3,429.11
109,40,36,2,117.61
110,40,13,4,146.16
111,41,40,3,141.19
112,41,26,1,429.11
113,42,39,3,404.47
114,42,30,4,112.66
115,42,29,2,89.7
116,42,33,4,271.73
117,42,48,2,219.93
118,43,22,1,443.87
119,43,49,2,205.71
120,43,44,3,203.86
121,43,15,2,60.08
122,43,10,1,298.74
123,44,50,1,498.69
124,44,30,4,112.66
125,44,41,2,457.44
126,44,46,4,130.85
127,44,32,4,308.47
128,45,50,4,498.69
129,46,30,1,112.66
130,46,36,2,117.61
131,46,8,4,107.43
132,46,9,4,215.56
133,46,43,3,114.19
134,47,47,4,274.1
135,47,36,4,117.61
136,47,11,4,381.82
137,47,29,3,89.7
138,47,49,2,205.71
139,48,32,2,308.47
140,48,18,4,367.57
141,48,5,3,25.57
142,48,16,3,57.39
143,48,22,3,443.87
144,49,15,4,60.08
145,49,45,2,80.01
146,50,30,4,112.66
147,50,4,2,52.6
148,50,27,4,196.26
149,50,50,1,498.69
150,50,49,4,205.71
151,51,49,4,205.71
152,51,27,2,196.26
153,51,32,2,308.47
154,52,22,4,443.87
155,52,47,2,274.1
156,52,30,2,112.66
157,52,40,1,141.19
158,53,6,4,117.13
159,54,17,4,305.83
160,55,18,4,367.57
161,55,17,1,305.83
162,55,31,1,353.89
163,55,48,1,219.93
164,56,50,1,498.69
165,57,2,2,130.0
166,57,16,2,57.39
167,58,30,3,112.66
168,58,50,3,498.69
169,59,50,2,498.69
170,60,20,4,48.61
171,61,38,2,122.23
172,62,8,1,107.43
173,62,23,4,292.9
174,62,43,3,114.19
175,62,5,3,25.57
176,62,1,4,22.26
177,63,41,4,457.44
178,63,46,2,130.85
179,63,28,2,321.49
180,64,40,4,141.19
181,64,30,4,112.66
182,64,47,3,274.1
183,65,18,4,367.57
184,66,43,4,114.19
185,66,22,1,443.87
186,66,32,3,308.47
187,66,12,4,352.09
188,66,14,3,479.03
189,67,45,3,80.01
190,67,36,1,117.61
191,67,34,2,90.07
192,67,6,2,117.13
193,67,47,4,274.1
194,68,42,4,439.42
195,68,29,1,89.7
196,68,6,3,117.13
197,68,15,4,60.08
198,69,24,4,32.45
199,69,36,3,117.61
200,69,28,3,321.49
201,69,23,4,292.9
202,69,18,3,367.57
203,70,21,1,416.41
204,70,48,2,219.93
205,71,47,3,274.1
206,71,7,2,304.99
207,71,19,2,71.16
208,72,9,3,215.56
209,72,3,1,370.87
210,72,36,3,117.61
211,72,45,2,80.01
212,72,41,4,457.44
213,73,31,4,353.89
214,73,29,3,89.7
215,73,12,1,352.09
216,74,5,4,25.57
217,75,10,2,298.74
218,76,16,1,57.39
219,77,40,2,141.19
220,77,50,4,498.69
221,77,29,4,89.7
222,77,20,4,48.61
223,77,20,1,48.61
224,78,41,2,457.44
225,78,17,1,305.83
226,79,1,4,22.26
227,79,29,4,89.7
228,80,45,4,80.01
229,80,5,2,25.57
230,80,17,2,305.83
231,81,18,2,367.57
232,81,5,1,25.57
233,82,19,4,71.16
234,82,8,4,107.43
235,82,45,3,80.01
236,82,45,4,80.01
237,82,18,4,367.57
238,83,48,3,219.93
239,83,39,3,404.47
240,83,2,1,130.0
241,83,15,1,60.08
242,84,37,1,423.0
243,84,49,2,205.71
244,84,31,4,353.89
245,85,28,4,321.49
246,85,6,4,117.13
247,85,23,4,292.9
248,85,22,3,443.87
249,85,43,1,114.19
250,86,19,4,71.16
251,86,49,1,205.71
252,86,30,1,112.66
253,86,21,3,416.41
254,87,33,1,271.73
255,87,43,4,114.19
256,87,27,1,196.26
257,87,13,3,146.16
258,88,49,1,205.71
259,88,14,3,479.03
260,88,36,2,117.61
261,88,19,4,71.16
262,89,41,2,457.44
263,90,36,4,117.61
264,91,30,1,112.66
265,92,46,3,130.85
266,92,27,4,196.26
267,92,31,2,353.89
268,92,30,2,112.66
269,92,25,2,388.8
270,93,5,3,25.57
271,93,50,4,498.69
272,94,1,3,22.26
273,94,47,3,274.1
274,94,38,4,122.23
275,95,23,3,292.9
276,95,36,4,117.61
277,95,30,3,112.66
278,95,13,2,146.16
279,96,21,4,416.41
280,97,43,2,114.19
281,97,32,1,308.47
282,97,9,3,215.56
283,97,7,4,304.99
284,98,47,2,274.1
285,99,5,4,25.57
286,99,17,3,305.83
287,100,22,4,443.87
288,101,35,1,142.27
289,101,40,1,141.19
290,101,16,3,57.39
291,101,15,1,60.08
292,102,29,2,89.7
293,103,21,1,416.41
294,104,34,4,90.07
295,104,37,2,423.0
296,105,40,2,141.19
297,105,32,2,308.47
298,105,15,4,60.08
299,105,41,3,457.44
300,106,19,2,71.16
301,106,5,4,25.57
302,106,23,3,292.9
303,106,41,4,457.44
304,107,13,4,146.16
305,107,31,1,353.89
306,107,16,4,57.39
307,108,2,4,130.0
308,108,18,1,367.57
309,108,37,1,423.0
310,109,50,2,498.69
311,109,39,3,404.47
312,109,15,2,60.08
313,110,41,1,457.44
314,110,41,1,457.44
315,111,24,2,32.45
316,111,6,3,117.13
317,111,21,4,416.41
318,111,12,2,352.09
319,111,9,3,215.56
320,112,17,4,305.83
321,112,19,3,71.16
322,113,10,2,298.74
323,114,36,3,117.61
324,114,6,4,117.13
325,114,1,3,22.26
326,114,35,1,142.27
327,115,38,4,122.23
328,115,41,3,457.44
329,115,7,2,304.99
330,116,21,2,416.41
331,116,42,1,439.42
332,116,41,4,457.44
333,116,45,3,80.01
334,116,42,4,439.42
335,117,20,4,48.61
336,118,9,4,215.56
337,118,30,3,112.66
338,118,43,4,114.19
339,118,38,2,122.23
340,118,27,1,196.26
341,119,3,3,370.87
342,119,14,4,479.03
343,119,29,2,89.7
344,120,35,3,142.27
345,120,4,4,52.6
346,120,18,2,367.57
347,121,6,2,117.13
348,121,42,1,439.42
349,121,4,3,52.6
350,121,16,2,57.39
351,122,14,2,479.03
352,122,15,3,60.08
353,122,50,2,498.69
354,122,39,1,404.47
355,122,18,2,367.57
356,123,8,1,107.43
357,123,9,1,215.56
358,124,21,1,416.41
359,124,12,3,352.09
360,124,4,2,52.6
361,124,48,4,219.93
362,124,34,1,90.07
363,125,38,1,122.23
364,125,29,2,89.7
365,125,40,1,141.19
366,125,47,3,274.1
367,125,30,1,112.66
368,126,28,1,321.49
369,126,32,4,308.47
370,126,5,1,25.57
371,126,21,2,416.41
372,127,36,3,117.61
373,127,25,3,388.8
374,127,30,4,112.66
375,127,7,1,304.99
376,127,42,2,439.42
377,128,30,4,112.66
378,128,27,1,196.26
379,128,21,4,416.41
380,129,44,4,203.86
381,129,5,1,25.57
382,130,48,3,219.93
383,131,36,3,117.61
384,131,43,1,114.19
385,131,27,3,196.26
386,131,43,4,114.19
387,131,47,1,274.1
388,132,7,2,304.99
389,132,10,4,298.74
390,132,15,1,60.08
391,133,49,3,205.71
392,134,50,1,498.69
393,134,39,3,404.47
394,134,2,2,130.0
395,134,18,3,367.57
396,134,22,3,443.87
397,135,43,4,114.19
398,135,5,2,25.57
399,135,48,1,219.93
400,135,6,2,117.13
401,135,25,4,388.8
402,136,50,1,498.69
403,136,4,2,52.6
404,136,11,1,381.82
405,137,32,4,308.47
406,137,27,3,196.26
407,137,14,1,479.03
408,137,23,4,292.9
409,138,32,3,308.47
410,138,3,2,370.87
411,138,26,1,429.11
412,138,1,2,22.26
413,138,20,2,48.61
414,139,21,1,416.41
415,139,1,4,22.26
416,139,48,4,219.93
417,140,33,3,271.73
418,140,5,4,25.57
419,141,30,1,112.66
420,142,26,4,429.11
421,142,19,1,71.16
422,142,26,1,429.11
423,142,21,2,416.41
424,142,40,4,141.19
425,143,28,1,321.49
426,144,6,4,117.13
427,144,20,3,48.61
428,144,15,3,60.08
429,144,50,2,498.69
430,144,5,1,25.57
431,145,23,2,292.9
432,145,16,1,57.39
433,145,10,3,298.74
434,146,12,4,352.09
435,147,29,3,89.7
436,147,41,3,457.44
437,147,10,4,298.74
438,147,5,4,25.57
439,147,29,3,89.7
440,148,33,1,271.73
441,148,20,4,48.61
442,148,29,1,89.7
443,149,42,1,439.42
444,150,38,1,122.23
445,150,29,2,89.7
446,150,21,4,416.41
447,150,33,2,271.73
448,151,46,1,130.85
449,151,33,2,271.73
450,151,3,2,370.87
451,152,34,2,90.07
452,152,24,3,32.45
453,152,19,4,71.16
454,152,27,3,196.26
455,152,44,1,203.86
456,153,22,1,443.87
457,154,47,2,274.1
458,154,22,1,443.87
459,154,38,2,122.23
460,155,9,1,215.56
461,155,20,4,48.61
462,155,42,3,439.42
463,155,9,1,215.56
464,156,2,3,130.0
465,156,20,2,48.61
466,156,14,3,479.03
467,157,9,2,215.56
468,157,5,3,25.57
469,158,48,1,219.93
470,158,43,3,114.19
471,158,50,2,498.69
472,158,39,4,404.47
473,158,10,2,298.74
474,159,11,4,381.82
475,159,3,4,370.87
476,159,24,2,32.45
477,159,29,3,89.7
478,159,49,4,205.71
479,160,13,3,146.16
480,160,44,4,203.86
481,160,30,3,112.66
482,160,50,4,498.69
483,161,13,2,146.16
484,161,17,1,305.83
485,162,46,1,130.85
486,163,29,2,89.7
487,163,28,1,321.49
488,163,15,4,60.08
489,164,4,4,52.6
490,164,33,3,271.73
491,164,16,4,57.39
492,164,6,3,117.13
493,165,46,3,130.85
494,166,31,2,353.89
495,166,49,4,205.71
496,166,29,1,89.7
497,167,10,4,298.74
498,167,8,3,107.43
499,168,27,4,196.26
500,168,5,1,25.57
501,169,2,2,130.0
502,169,46,2,130.85
503,169,19,4,71.16
504,169,1,3,22.26
505,169,16,4,57.39
506,170,24,1,32.45
507,170,34,1,90.07
508,170,25,4,388.8
509,170,3,4,370.87
510,170,24,3,32.45
511,171,47,1,274.1
512,171,50,3,498.69
513,172,42,2,439.42
514,172,50,4,498.69
515,172,45,4,80.01
516,173,3,3,370.87
517,173,13,1,146.16
518,173,13,1,146.16
519,173,21,3,416.41
520,174,31,3,353.89
521,174,3,2,370.87
522,174,19,3,71.16
523,174,50,1,498.69
524,174,42,3,439.42
525,175,26,4,429.11
526,175,25,3,388.8
527,175,12,4,352.09
528,175,45,4,80.01
529,176,6,4,117.13
530,176,6,4,117.13
531,176,39,2,404.47
532,177,43,3,114.19
533,177,20,4,48.61
534,177,39,4,404.47
535,178,3,3,370.87
536,178,40,4,141.19
537,178,18,1,367.57
538,178,5,4,25.57
539,179,2,2,130.0
540,179,39,4,404.47
541,180,24,4,32.45
542,180,37,1,423.0
543,180,39,2,404.47
544,181,29,1,89.7
545,181,37,2,423.0
546,181,34,3,90.07
547,182,8,1,107.43
548,182,48,2,219.93
549,183,8,3,107.43
550,183,50,3,498.69
551,183,46,4,130.85
552,183,14,3,479.03
553,183,45,4,80.01
554,184,29,2,89.7
555,185,44,3,203.86
556,186,35,3,142.27
557,186,20,2,48.61
558,186,46,2,130.85
559,186,24,2,32.45
560,186,8,2,107.43
561,187,36,3,117.61
562,187,30,2,112.66
563,187,40,1,141.19
564,188,34,4,90.07
565,188,50,4,498.69
566,188,37,1,423.0
567,188,9,3,215.56
568,189,23,2,292.9
569,189,50,2,498.69
570,189,50,2,498.69
571,189,28,1,321.49
572,189,8,2,107.43
573,190,23,3,292.9
574,190,6,3,117.13
575,191,41,3,457.44
576,191,40,1,141.19
577,192,10,2,298.74
578,192,43,3,114.19
579,192,37,1,423.0
580,192,2,1,130.0
581,192,3,3,370.87
582,193,40,1,141.19
583,193,32,3,308.47
584,193,42,3,439.42
585,193,31,2,353.89
586,194,30,1,112.66
587,194,45,1,80.01
588,194,11,4,381.82
589,195,39,2,404.47
590,195,21,3,416.41
591,195,47,3,274.1
592,196,7,3,304.99
593,196,16,4,57.39
594,196,8,3,107.43
595,196,29,2,89.7
596,196,10,1,298.74
597,197,27,2,196.26
598,197,11,3,381.82
599,197,37,3,423.0
600,197,13,2,146.16
601,197,32,4,308.47
602,198,6,4,117.13
603,199,38,3,122.23
604,199,4,1,52.6
605,200,19,1,71.16
606,200,7,4,304.99
607,200,9,3,215.56
608,200,47,3,274.1
609,201,4,2,52.6
610,201,24,3,32.45
611,201,5,4,25.57
612,201,33,4,271.73
613,202,44,1,203.86
614,202,9,1,215.56
615,202,26,3,429.11
616,202,22,3,443.87
617,202,49,2,205.71
618,203,3,1,370.87
619,203,3,2,370.87
620,203,46,3,130.85
621,203,31,4,353.89
622,203,10,2,298.74
623,204,40,3,141.19
624,204,38,3,122.23
625,204,33,4,271.73
626,204,46,3,130.85
627,205,44,1,203.86
628,205,27,3,196.26
629,205,47,1,274.1
630,206,37,2,423.0
631,206,47,1,274.1
632,206,38,4,122.23
633,206,11,4,381.82
634,206,10,2,298.74
635,207,13,1,146.16
636,208,45,2,80.01
637,208,27,4,196.26
638,208,48,1,219.93
639,208,46,2,130.85
640,209,34,4,90.07
641,209,21,2,416.41
642,209,30,3,112.66
643,209,35,3,142.27
644,210,40,4,141.19
645,210,13,2,146.16
646,210,18,3,367.57
647,211,46,2,130.85
648,211,45,4,80.01
649,211,21,4,416.41
650,212,19,1,71.16
651,212,37,4,423.0
652,212,26,3,429.11
653,213,3,3,370.87
654,213,46,1,130.85
655,213,23,4,292.9
656,214,13,3,146.16
657,214,36,3,117.61
658,215,16,2,57.39
659,215,4,2,52.6
660,215,41,2,457.44
661,215,4,1,52.6
662,215,27,3,196.26
663,216,36,2,117.61
664,217,31,2,353.89
665,217,49,3,205.71
666,217,21,3,416.41
667,217,42,1,439.42
668,218,15,1,60.08
669,218,12,4,352.09
670,218,12,1,352.09
671,218,26,4,429.11
672,218,12,3,352.09
673,219,39,1,404.47
674,219,22,3,443.87
675,219,30,4,112.66
676,219,9,4,215.56
677,219,18,2,367.57
678,220,42,3,439.42
679,220,46,2,130.85
680,220,1,3,22.26
681,220,19,2,71.16
682,221,28,3,321.49
683,221,6,4,117.13
684,221,43,1,114.19
685,221,12,2,352.09
686,222,17,4,305.83
687,223,20,1,48.61
688,223,17,3,305.83
689,223,45,2,80.01
690,224,11,4,381.82
691,224,44,3,203.86
692,224,45,1,80.01
693,225,31,2,353.89
694,225,30,3,112.66
695,226,49,2,205.71
696,226,49,2,205.71
697,226,44,1,203.86
698,226,34,4,90.07
699,227,8,1,107.43
700,227,36,2,117.61
701,227,37,2,423.0
702,227,11,3,381.82
703,227,34,4,90.07
704,228,32,1,308.47
705,228,33,4,271.73
706,228,4,4,52.6
707,228,9,4,215.56
708,228,30,1,112.66
709,229,47,1,274.1
710,229,26,3,429.11
711,229,1,2,22.26
712,230,45,1,80.01
713,230,35,1,142.27
714,230,5,4,25.57
715,231,50,4,498.69
716,231,24,4,32.45
717,232,25,1,388.8
718,232,44,2,203.86
719,232,42,3,439.42
720,232,8,2,107.43
721,233,1,1,22.26
722,233,20,4,48.61
723,234,25,2,388.8
724,234,16,4,57.39
725,234,23,2,292.9
726,234,18,2,367.57
727,234,47,1,274.1
728,235,50,1,498.69
729,235,16,2,57.39
730,235,5,1,25.57
731,235,39,1,404.47
732,235,29,1,89.7
733,236,15,2,60.08
734,236,49,1,205.71
735,236,9,3,215.56
736,236,15,3,60.08
737,237,16,3,57.39
738,237,10,2,298.74
739,237,27,3,196.26
740,238,48,2,219.93
741,238,41,4,457.44
742,238,36,4,117.61
743,238,4,3,52.6
744,238,42,4,439.42
745,239,27,2,196.26
746,239,20,4,48.61
747,239,12,4,352.09
748,239,16,2,57.39
749,240,4,4,52.6
750,240,27,2,196.26
751,240,25,2,388.8
752,240,17,2,305.83
753,241,24,1,32.45
754,241,35,2,142.27
755,241,4,3,52.6
756,241,25,1,388.8
757,242,47,2,274.1
758,242,31,2,353.89
759,242,22,3,443.87
760,242,1,2,22.26
761,242,13,1,146.16
762,243,26,2,429.11
763,243,36,3,117.61
764,244,42,3,439.42
765,244,20,3,48.61
766,244,24,4,32.45
767,244,30,1,112.66
768,244,47,4,274.1
769,245,24,3,32.45
770,245,27,1,196.26
771,246,2,3,130.0
772,246,36,4,117.61
773,247,25,2,388.8
774,247,32,3,308.47
775,248,30,2,112.66
776,248,47,3,274.1
777,248,11,2,381.82
778,248,47,4,274.1
779,249,34,1,90.07
780,250,49,1,205.71
781,251,5,2,25.57
782,251,1,2,22.26
783,252,31,4,353.89
784,252,2,1,130.0
785,252,35,4,142.27
786,252,1,1,22.26
787,252,34,3,90.07
788,253,45,4,80.01
789,253,12,1,352.09
790,253,7,2,304.99
791,253,16,2,57.39
792,253,40,3,141.19
793,254,6,3,117.13
794,254,26,4,429.11
795,254,37,2,423.0
796,254,45,2,80.01
797,255,42,1,439.42
798,256,31,1,353.89
799,256,41,1,457.44
800,256,45,2,80.01
801,256,6,4,117.13
802,256,28,3,321.49
803,257,34,1,90.07
804,258,31,3,353.89
805,258,3,1,370.87
806,258,44,3,203.86
807,258,35,1,142.27
808,258,12,3,352.09
809,259,49,4,205.71
810,259,5,3,25.57
811,260,44,3,203.86
812,260,25,2,388.8
813,260,45,1,80.01
814,260,33,3,271.73
815,261,22,4,443.87
816,262,32,2,308.47
817,262,23,4,292.9
818,262,28,2,321.49
819,262,44,4,203.86
820,263,46,1,130.85
821,263,6,3,117.13
822,264,48,4,219.93
823,264,21,3,416.41
824,265,29,3,89.7
825,265,49,3,205.71
826,265,7,2,304.99
827,266,36,4,117.61
828,266,7,1,304.99
829,266,6,3,117.13
830,266,36,1,117.61
831,266,39,3,404.47
832,267,25,1,388.8
833,267,47,2,274.1
834,267,37,2,423.0
835,267,44,4,203.86
836,268,32,2,308.47
837,268,5,2,25.57
838,268,28,3,321.49
839,269,17,2,305.83
840,269,47,4,274.1
841,269,39,2,404.47
842,270,26,3,429.11
843,271,29,3,89.7
844,271,28,2,321.49
845,271,20,3,48.61
846,272,21,2,416.41
847,272,26,3,429.11
848,272,19,4,71.16
849,272,37,2,423.0
850,273,24,1,32.45
851,273,37,2,423.0
852,273,38,2,122.23
853,273,44,1,203.86
854,274,29,3,89.7
855,274,45,1,80.01
856,275,44,4,203.86
857,275,9,3,215.56
858,275,16,3,57.39
859,275,43,2,114.19
860,276,29,4,89.7
861,277,35,1,142.27
862,277,24,1,32.45
863,277,7,2,304.99
864,277,43,3,114.19
865,278,42,4,439.42
866,278,49,3,205.71
867,278,28,1,321.49
868,278,1,1,22.26
869,278,17,2,305.83
870,279,45,2,80.01
871,279,29,3,89.7
872,279,26,4,429.11
873,279,50,2,498.69
874,279,23,1,292.9
875,280,8,2,107.43
876,281,34,4,90.07
877,281,23,4,292.9
878,282,21,1,416.41
879,282,20,1,48.61
880,282,46,1,130.85
881,282,2,3,130.0
882,283,48,2,219.93
883,283,34,2,90.07
884,284,30,2,112.66
885,284,26,2,429.11
886,284,12,4,352.09
887,284,26,1,429.11
888,285,46,2,130.85
889,286,37,1,423.0
890,287,21,2,416.41
891,287,30,1,112.66
892,287,17,4,305.83
893,288,25,4,388.8
894,288,38,1,122.23
895,288,23,3,292.9
896,288,30,2,112.66
897,288,44,3,203.86
898,289,21,1,416.41
899,289,16,3,57.39
900,290,25,4,388.8
901,290,39,2,404.47
902,290,37,4,423.0
903,290,28,2,321.49
904,290,32,2,308.47
905,291,12,3,352.09
906,291,29,1,89.7
907,292,9,2,215.56
908,292,25,4,388.8
909,292,27,4,196.26
910,292,27,4,196.26
911,293,19,1,71.16
912,293,18,2,367.57
913,294,37,4,423.0
914,294,36,1,117.61
915,294,37,1,423.0
916,294,18,3,367.57
917,295,35,2,142.27
918,295,28,1,321.49
919,295,48,2,219.93
920,295,20,1,48.61
921,296,29,1,89.7
922,297,45,3,80.01
923,297,46,4,130.85
924,297,11,2,381.82
925,297,14,2,479.03
926,297,4,3,52.6
927,298,21,3,416.41
928,298,19,3,71.16
929,299,9,4,215.56
930,300,45,2,80.01
931,300,16,2,57.39
932,301,32,2,308.47
933,301,37,3,423.0
934,301,41,4,457.44
935,301,25,4,388.8
936,302,26,3,429.11
937,303,32,3,308.47
938,303,38,1,122.23
939,303,50,1,498.69
940,303,47,4,274.1
941,304,35,4,142.27
942,305,18,3,367.57
943,305,19,3,71.16
944,305,36,2,117.61
945,305,37,4,423.0
946,306,3,1,370.87
947,307,8,2,107.43
948,308,13,2,146.16
949,308,42,3,439.42
950,308,11,3,381.82
951,308,6,3,117.13
952,309,4,4,52.6
953,309,41,3,457.44
954,310,1,2,22.26
955,311,34,4,90.07
956,311,1,1,22.26
957,312,45,2,80.01
958,312,31,1,353.89
959,312,15,4,60.08
960,312,6,1,117.13
961,313,9,4,215.56
962,313,50,2,498.69
963,313,42,2,439.42
964,314,42,2,439.42
965,314,29,3,89.7
966,314,47,2,274.1
967,314,41,2,457.44
968,314,27,4,196.26
969,315,38,4,122.23
970,316,16,3,57.39
971,316,42,1,439.42
972,317,19,1,71.16
973,317,43,3,114.19
974,317,14,2,479.03
975,317,48,4,219.93
976,317,19,1,71.16
977,318,32,4,308.47
978,318,8,2,107.43
979,319,1,3,22.26
980,319,21,2,416.41
981,319,25,4,388.8
982,319,24,2,32.45
983,319,49,4,205.71
984,320,14,1,479.03
985,320,4,4,52.6
986,320,33,3,271.73
987,321,28,4,321.49
988,321,6,2,117.13
989,321,18,1,367.57
990,321,20,1,48.61
991,322,35,3,142.27
992,322,26,1,429.11
993,323,4,2,52.6
994,323,6,4,117.13
995,324,20,2,48.61
996,325,11,4,381.82
997,326,11,3,381.82
998,326,9,3,215.56
999,326,47,1,274.1
1000,327,18,1,367.57
1001,327,17,1,305.83
1002,327,32,4,308.47
1003,327,33,3,271.73
1004,328,24,2,32.45
1005,328,17,1,305.83
1006,329,1,2,22.26
1007,330,12,1,352.09
1008,330,36,4,117.61
1009,331,18,1,367.57
1010,331,37,3,423.0
1011,331,8,1,107.43
1012,332,26,1,429.11
1013,333,21,1,416.41
1014,333,36,4,117.61
1015,333,1,3,22.26
1016,334,48,2,219.93
1017,334,30,3,112.66
1018,334,38,4,122.23
1019,335,49,2,205.71
1020,335,10,1,298.74
1021,335,27,1,196.26
1022,335,15,3,60.08
1023,335,41,1,457.44
1024,336,7,2,304.99
1025,336,34,2,90.07
1026,336,27,4,196.26
1027,337,46,3,130.85
1028,337,6,1,117.13
1029,338,27,3,196.26
1030,338,30,1,112.66
1031,338,38,1,122.23
1032,338,33,2,271.73
1033,338,41,4,457.44
1034,339,43,2,114.19
1035,339,16,3,57.39
1036,339,17,3,305.83
1037,339,26,3,429.11
1038,340,13,2,146.16
1039,341,7,2,304.99
1040,341,29,4,89.7
1041,342,50,2,498.69
1042,342,29,3,89.7
1043,342,30,3,112.66
1044,343,46,1,130.85
1045,343,14,3,479.03
1046,343,10,1,298.74
1047,344,33,1,271.73
1048,344,44,3,203.86
1049,344,17,2,305.83
1050,344,2,4,130.0
1051,345,16,1,57.39
1052,345,30,1,112.66
1053,345,9,1,215.56
1054,345,1,1,22.26
1055,345,50,2,498.69
1056,346,38,3,122.23
1057,347,13,4,146.16
1058,348,8,1,107.43
1059,348,30,1,112.66
1060,348,11,4,381.82
1061,349,25,4,388.8
1062,350,18,4,367.57
1063,350,10,1,298.74
1064,350,40,2,141.19
1065,351,31,1,353.89
1066,351,6,3,117.13
1067,351,25,2,388.8
1068,351,27,2,196.26
1069,351,42,2,439.42
1070,352,25,3,388.8
1071,353,37,3,423.0
1072,353,25,3,388.8
1073,353,12,1,352.09
1074,354,4,4,52.6
1075,354,34,3,90.07
1076,354,50,2,498.69
1077,355,18,1,367.57
1078,355,49,2,205.71
1079,356,23,2,292.9
1080,356,12,2,352.09
1081,356,38,3,122.23
1082,356,48,3,219.93
1083,357,37,2,423.0
1084,357,37,2,423.0
1085,357,32,3,308.47
1086,358,15,2,60.08
1087,359,40,2,141.19
1088,359,9,3,215.56
1089,359,46,2,130.85
1090,360,4,1,52.6
1091,360,10,2,298.74
1092,360,50,1,498.69
1093,361,46,4,130.85
1094,361,38,1,122.23
1095,361,22,3,443.87
1096,362,41,4,457.44
1097,362,42,3,439.42
1098,362,12,3,352.09
1099,362,15,2,60.08
1100,363,9,2,215.56
1101,363,47,1,274.1
1102,363,45,4,80.01
1103,364,3,2,370.87
1104,364,39,3,404.47
1105,364,40,2,141.19
1106,364,41,1,457.44
1107,364,32,2,308.47
1108,365,21,2,416.41
1109,365,41,1,457.44
1110,365,46,3,130.85
1111,366,45,1,80.01
1112,366,23,3,292.9
1113,367,25,4,388.8
1114,368,32,4,308.47
1115,368,23,4,292.9
1116,368,7,4,304.99
1117,368,37,2,423.0
1118,369,19,1,71.16
1119,370,22,2,443.87
1120,371,22,4,443.87
1121,372,39,4,404.47
1122,372,11,1,381.82
1123,373,27,3,196.26
1124,373,43,3,114.19
1125,374,37,4,423.0
1126,374,10,1,298.74
1127,374,24,1,32.45
1128,374,28,1,321.49
1129,375,31,2,353.89
1130,375,7,1,304.99
1131,375,14,2,479.03
1132,375,41,3,457.44
1133,375,6,4,117.13
1134,376,31,4,353.89
1135,376,43,3,114.19
1136,376,6,4,117.13
1137,376,12,3,352.09
1138,377,3,3,370.87
1139,377,29,4,89.7
1140,377,17,2,305.83
1141,377,18,1,367.57
1142,378,6,3,117.13
1143,379,36,1,117.61
1144,379,25,4,388.8
1145,380,37,2,423.0
1146,380,31,3,353.89
1147,380,6,4,117.13
1148,380,46,1,130.85
1149,381,44,2,203.86
1150,381,8,4,107.43
1151,381,12,2,352.09
1152,381,14,2,479.03
1153,381,9,1,215.56
1154,382,13,2,146.16
1155,382,39,3,404.47
1156,382,21,1,416.41
1157,382,6,4,117.13
1158,383,34,4,90.07
1159,383,1,4,22.26
1160,383,8,4,107.43
1161,384,49,1,205.71
1162,384,7,1,304.99
1163,384,19,3,71.16
1164,384,27,3,196.26
1165,384,25,4,388.8
1166,385,18,4,367.57
1167,385,10,4,298.74
1168,386,45,2,80.01
1169,386,4,4,52.6
1170,386,18,3,367.57
1171,387,20,3,48.61
1172,387,32,1,308.47
1173,387,15,2,60.08
1174,388,18,4,367.57
1175,388,39,1,404.47
1176,388,13,4,146.16
1177,389,49,3,205.71
1178,389,4,2,52.6
1179,389,5,3,25.57
1180,389,46,4,130.85
1181,390,2,2,130.0
1182,390,13,2,146.16
1183,390,4,2,52.6
1184,390,3,4,370.87
1185,390,4,3,52.6
1186,391,33,4,271.73
1187,391,41,1,457.44
1188,391,44,1,203.86
1189,391,16,3,57.39
1190,392,38,3,122.23
1191,392,23,2,292.9
1192,392,17,1,305.83
1193,392,19,1,71.16
1194,393,50,2,498.69
1195,393,15,2,60.08
1196,393,44,2,203.86
1197,393,18,4,367.57
1198,393,33,1,271.73
1199,394,39,1,404.47
1200,394,15,3,60.08
1201,395,28,4,321.49
1202,395,23,4,292.9
1203,395,17,2,305.83
1204,396,26,1,429.11
1205,396,1,3,22.26
1206,396,36,3,117.61
1207,396,20,1,48.61
1208,396,31,1,353.89
1209,397,18,3,367.57
1210,397,42,3,439.42
1211,397,13,2,146.16
1212,398,39,4,404.47
1213,399,42,4,439.42
1214,400,26,4,429.11
1215,400,48,1,219.93
1216,400,38,2,122.23
1217,400,22,2,443.87
1218,401,43,3,114.19
1219,401,33,3,271.73
1220,401,11,2,381.82
1221,401,19,1,71.16
1222,402,49,2,205.71
1223,402,44,3,203.86
1224,402,42,1,439.42
1225,402,15,3,60.08
1226,402,15,3,60.08
1227,403,17,3,305.83
1228,403,30,1,112.66
1229,403,31,1,353.89
1230,404,5,4,25.57
1231,404,13,1,146.16
1232,404,44,4,203.86
1233,404,34,3,90.07
1234,404,27,1,196.26
1235,405,37,4,423.0
1236,405,10,3,298.74
1237,405,46,2,130.85
1238,405,50,1,498.69
1239,406,21,1,416.41
1240,406,1,4,22.26
1241,407,37,2,423.0
1242,407,32,1,308.47
1243,408,26,4,429.11
1244,408,31,4,353.89
1245,408,1,1,22.26
1246,408,35,2,142.27
1247,409,13,1,146.16
1248,409,44,1,203.86
1249,409,41,2,457.44
1250,409,15,3,60.08
1251,409,20,2,48.61
1252,410,11,1,381.82
1253,410,3,3,370.87
1254,410,19,4,71.16
1255,411,28,2,321.49
1256,411,22,4,443.87
1257,411,23,2,292.9
1258,412,2,2,130.0
1259,412,15,2,60.08
1260,412,14,1,479.03
1261,412,38,2,122.23
1262,413,25,3,388.8
1263,414,4,1,52.6
1264,414,42,1,439.42
1265,414,4,1,52.6
1266,414,27,4,196.26
1267,414,25,1,388.8
1268,415,14,1,479.03
1269,415,20,4,48.61
1270,416,45,2,80.01
1271,416,27,1,196.26
1272,416,33,1,271.73
1273,416,19,1,71.16
1274,416,7,4,304.99
1275,417,34,2,90.07
1276,417,23,4,292.9
1277,417,19,2,71.16
1278,418,45,4,80.01
1279,418,22,2,443.87
1280,419,37,4,423.0
1281,420,5,1,25.57
1282,420,17,2,305.83
1283,420,30,3,112.66
1284,420,17,4,305.83
1285,420,4,1,52.6
1286,421,44,3,203.86
1287,421,28,1,321.49
1288,421,7,1,304.99
1289,422,22,3,443.87
1290,422,29,3,89.7
1291,423,12,1,352.09
1292,423,26,4,429.11
1293,423,30,3,112.66
1294,424,27,2,196.26
1295,424,8,2,107.43
1296,424,45,1,80.01
1297,424,11,1,381.82
1298,425,44,4,203.86
1299,425,12,4,352.09
1300,425,50,3,498.69
1301,425,40,1,141.19
1302,425,44,2,203.86
1303,426,29,1,89.7
1304,426,5,3,25.57
1305,426,42,3,439.42
1306,426,1,2,22.26
1307,427,34,1,90.07
1308,427,28,2,321.49
1309,427,31,3,353.89
1310,428,36,1,117.61
1311,428,1,2,22.26
1312,429,11,1,381.82
1313,429,49,4,205.71
1314,429,21,2,416.41
1315,429,22,3,443.87
1316,430,26,2,429.11
1317,430,6,4,117.13
1318,430,29,4,89.7
1319,430,6,4,117.13
1320,431,48,1,219.93
1321,431,7,4,304.99
1322,431,27,1,196.26
1323,431,36,1,117.61
1324,432,41,3,457.44
1325,432,33,2,271.73
1326,432,42,4,439.42
1327,432,22,3,443.87
1328,432,4,2,52.6
1329,433,31,3,353.89
1330,433,46,4,130.85
1331,433,8,1,107.43
1332,433,49,2,205.71
1333,433,1,3,22.26
1334,434,36,3,117.61
1335,434,45,1,80.01
1336,434,3,2,370.87
1337,435,7,3,304.99
1338,435,40,2,141.19
1339,435,13,1,146.16
1340,435,26,2,429.11
1341,436,7,4,304.99
1342,436,3,1,370.87
1343,436,50,4,498.69
1344,437,9,4,215.56
1345,437,1,1,22.26
1346,437,36,4,117.61
1347,437,38,4,122.23
1348,437,33,2,271.73
1349,438,7,4,304.99
1350,438,43,3,114.19
1351,439,45,2,80.01
1352,439,18,4,367.57
1353,439,22,3,443.87
1354,439,29,2,89.7
1355,439,9,4,215.56
1356,440,20,3,48.61
1357,440,46,2,130.85
1358,440,13,2,146.16
1359,440,40,3,141.19
1360,440,44,3,203.86
1361,441,33,3,271.73
1362,441,46,1,130.85
1363,442,44,3,203.86
1364,442,28,1,321.49
1365,442,34,1,90.07
1366,442,2,4,130.0
1367,443,18,2,367.57
1368,443,19,3,71.16
1369,444,14,1,479.03
1370,444,23,4,292.9
1371,444,7,2,304.99
1372,445,33,3,271.73
1373,445,45,1,80.01
1374,446,36,1,117.61
1375,446,1,3,22.26
1376,446,13,4,146.16
1377,447,49,2,205.71
1378,447,50,2,498.69
1379,447,19,4,71.16
1380,448,12,1,352.09
1381,448,25,1,388.8
1382,449,38,3,122.23
1383,449,1,3,22.26
1384,450,10,3,298.74
1385,451,43,3,114.19
1386,451,32,3,308.47
1387,451,5,3,25.57
1388,451,34,2,90.07
1389,451,12,1,352.09
1390,452,35,4,142.27
1391,452,6,3,117.13
1392,452,15,2,60.08
1393,452,43,3,114.19
1394,452,22,3,443.87
1395,453,34,4,90.07
1396,453,36,1,117.61
1397,453,8,3,107.43
1398,453,29,2,89.7
1399,453,42,2,439.42
1400,454,25,1,388.8
1401,454,25,3,388.8
1402,454,35,3,142.27
1403,455,33,4,271.73
1404,455,32,1,308.47
1405,455,19,2,71.16
1406,456,11,1,381.82
1407,457,44,4,203.86
1408,457,7,2,304.99
1409,458,42,1,439.42
1410,458,48,2,219.93
1411,458,2,4,130.0
1412,458,46,3,130.85
1413,459,17,1,305.83
1414,459,37,2,423.0
1415,460,28,3,321.49
1416,460,2,4,130.0
1417,460,44,1,203.86
1418,460,35,1,142.27
1419,461,3,1,370.87
1420,461,23,1,292.9
1421,461,19,3,71.16
1422,461,39,1,404.47
1423,461,19,4,71.16
1424,462,31,2,353.89
1425,463,35,3,142.27
1426,463,41,2,457.44
1427,463,20,3,48.61
1428,463,1,2,22.26
1429,464,26,1,429.11
1430,464,20,2,48.61
1431,464,48,3,219.93
1432,464,14,4,479.03
1433,464,42,2,439.42
1434,465,13,1,146.16
1435,465,12,1,352.09
1436,465,49,4,205.71
1437,466,7,2,304.99
1438,466,47,4,274.1
1439,466,22,3,443.87
1440,467,19,1,71.16
1441,468,22,3,443.87
1442,468,45,2,80.01
1443,468,37,3,423.0
1444,468,21,4,416.41
1445,469,46,4,130.85
1446,469,18,3,367.57
1447,470,30,4,112.66
1448,470,23,3,292.9
1449,470,32,1,308.47
1450,470,12,1,352.09
1451,471,35,2,142.27
1452,471,17,1,305.83
1453,472,41,1,457.44
1454,472,38,4,122.23
1455,472,50,2,498.69
1456,472,3,3,370.87
1457,472,35,4,142.27
1458,473,15,3,60.08
1459,473,9,4,215.56
1460,473,33,1,271.73
1461,473,26,3,429.11
1462,474,44,2,203.86
1463,474,49,2,205.71
1464,474,29,2,89.7
1465,474,12,2,352.09
1466,474,48,4,219.93
1467,475,15,1,60.08
1468,475,17,3,305.83
1469,475,15,1,60.08
1470,475,43,2,114.19
1471,476,30,1,112.66
1472,476,3,3,370.87
1473,476,7,3,304.99
1474,476,48,3,219.93
1475,477,42,4,439.42
1476,477,24,1,32.45
1477,477,34,3,90.07
1478,477,25,2,388.8
1479,478,32,4,308.47
1480,478,39,1,404.47
1481,478,33,2,271.73
1482,479,42,3,439.42
1483,479,14,2,479.03
1484,479,12,2,352.09
1485,479,24,1,32.45
1486,479,43,2,114.19
1487,480,31,4,353.89
1488,481,2,2,130.0
1489,481,3,2,370.87
1490,481,37,2,423.0
1491,481,9,1,215.56
1492,482,17,2,305.83
1493,482,34,4,90.07
1494,483,47,3,274.1
1495,484,31,4,353.89
1496,484,11,2,381.82
1497,484,27,2,196.26
1498,484,38,2,122.23
1499,484,40,3,141.19
1500,485,39,1,404.47
1501,485,15,4,60.08
1502,485,25,2,388.8
1503,485,7,1,304.99
1504,486,10,1,298.74
1505,486,12,4,352.09
1506,486,40,1,141.19
1507,486,35,1,142.27
1508,487,35,1,142.27
1509,487,50,4,498.69
1510,487,34,4,90.07
1511,487,24,1,32.45
1512,487,45,4,80.01
1513,488,23,1,292.9
1514,488,28,2,321.49
1515,488,17,4,305.83
1516,488,50,2,498.69
1517,489,35,4,142.27
1518,489,17,2,305.83
1519,489,1,1,22.26
1520,489,37,1,423.0
1521,489,34,1,90.07
1522,490,27,3,196.26
1523,490,7,2,304.99
1524,490,28,3,321.49
1525,491,40,3,141.19
1526,491,44,4,203.86
1527,491,49,2,205.71
1528,492,12,3,352.09
1529,492,36,4,117.61
1530,492,17,3,305.83
1531,492,37,3,423.0
1532,493,43,1,114.19
1533,493,48,2,219.93
1534,494,7,2,304.99
1535,494,33,4,271.73
1536,495,45,1,80.01
1537,495,11,4,381.82
1538,495,41,1,457.44
1539,495,6,2,117.13
1540,495,31,4,353.89
1541,496,6,1,117.13
1542,496,47,4,274.1
1543,496,26,3,429.11
1544,497,29,1,89.7
1545,497,13,3,146.16
1546,497,13,1,146.16
1547,497,39,2,404.47
1548,498,16,1,57.39
1549,498,11,1,381.82
1550,498,18,4,367.57
1551,499,34,1,90.07
1552,499,48,1,219.93
1553,500,38,3,122.23
1554,500,23,3,292.9
1555,500,15,2,60.08
1556,500,30,4,112.66
1557,500,37,1,423.0
1558,501,36,1,117.61
1559,502,33,3,271.73
1560,503,17,4,305.83
1561,503,25,4,388.8
1562,503,50,2,498.69
1563,503,49,3,205.71
1564,503,50,4,498.69
1565,504,31,1,353.89
1566,505,44,2,203.86
1567,505,21,4,416.41
1568,506,16,3,57.39
1569,506,6,4,117.13
1570,506,44,3,203.86
1571,507,21,3,416.41
1572,507,14,3,479.03
1573,507,12,2,352.09
1574,507,32,2,308.47
1575,508,14,2,479.03
1576,508,13,2,146.16
1577,508,40,3,141.19
1578,509,44,4,203.86
1579,510,3,4,370.87
1580,510,24,3,32.45
1581,510,32,3,308.47
1582,510,32,2,308.47
1583,510,49,3,205.71
1584,511,4,4,52.6
1585,511,31,1,353.89
1586,512,30,1,112.66
1587,512,45,4,80.01
1588,513,25,1,388.8
1589,513,21,3,416.41
1590,514,17,2,305.83
1591,514,18,4,367.57
1592,514,40,3,141.19
1593,514,24,2,32.45
1594,514,32,4,308.47
1595,515,24,4,32.45
1596,515,18,4,367.57
1597,515,12,2,352.09
1598,516,47,3,274.1
1599,517,13,2,146.16
1600,517,48,2,219.93
1601,517,31,1,353.89
1602,517,12,4,352.09
1603,518,35,3,142.27
1604,518,32,3,308.47
1605,518,17,1,305.83
1606,518,26,1,429.11
1607,518,45,2,80.01
1608,519,41,1,457.44
1609,519,29,3,89.7
1610,519,17,3,305.83
1611,519,24,3,32.45
1612,520,13,2,146.16
1613,520,50,3,498.69
1614,520,23,3,292.9
1615,520,44,4,203.86
1616,520,50,4,498.69
1617,521,30,2,112.66
1618,521,11,3,381.82
1619,521,27,4,196.26
1620,522,22,2,443.87
1621,522,21,3,416.41
1622,523,42,4,439.42
1623,523,18,4,367.57
1624,523,50,3,498.69
1625,523,48,4,219.93
1626,523,27,2,196.26
1627,524,43,3,114.19
1628,524,48,1,219.93
1629,525,5,4,25.57
1630,526,34,1,90.07
1631,526,7,3,304.99
1632,526,40,2,141.19
1633,526,6,4,117.13
1634,527,41,2,457.44
1635,527,9,2,215.56
1636,527,2,1,130.0
1637,527,43,3,114.19
1638,528,30,3,112.66
1639,528,36,4,117.61
1640,528,9,2,215.56
1641,528,38,4,122.23
1642,529,28,3,321.49
1643,529,23,4,292.9
1644,529,35,2,142.27
1645,529,6,4,117.13
1646,529,20,3,48.61
1647,530,1,2,22.26
1648,531,45,4,80.01
1649,532,50,4,498.69
1650,533,24,2,32.45
1651,533,27,4,196.26
1652,533,26,2,429.11
1653,533,11,4,381.82
1654,533,25,2,388.8
1655,534,34,3,90.07
1656,534,19,3,71.16
1657,535,9,3,215.56
1658,535,8,4,107.43
1659,536,32,2,308.47
1660,536,21,1,416.41
1661,536,10,1,298.74
1662,536,35,1,142.27
1663,536,12,1,352.09
1664,537,47,1,274.1
1665,537,15,1,60.08
1666,537,10,1,298.74
1667,537,32,2,308.47
1668,538,24,4,32.45
1669,538,45,1,80.01
1670,538,22,1,443.87
1671,538,49,2,205.71
1672,539,31,2,353.89
1673,539,13,3,146.16
1674,539,25,1,388.8
1675,539,8,2,107.43
1676,539,25,4,388.8
1677,540,30,1,112.66
1678,540,34,2,90.07
1679,541,11,1,381.82
1680,541,48,1,219.93
1681,541,17,4,305.83
1682,542,43,2,114.19
1683,543,21,1,416.41
1684,543,11,3,381.82
1685,543,38,1,122.23
1686,543,26,2,429.11
1687,544,45,2,80.01
1688,544,24,1,32.45
1689,544,16,2,57.39
1690,544,32,1,308.47
1691,545,4,3,52.6
1692,546,9,4,215.56
1693,547,29,2,89.7
1694,547,2,4,130.0
1695,547,23,2,292.9
1696,548,36,3,117.61
1697,548,35,4,142.27
1698,548,13,2,146.16
1699,548,35,3,142.27
1700,549,36,2,117.61
1701,549,5,2,25.57
1702,549,29,3,89.7
1703,549,17,3,305.83
1704,549,30,1,112.66
1705,550,40,3,141.19
1706,551,43,4,114.19
1707,552,10,3,298.74
1708,552,21,4,416.41
1709,552,42,3,439.42
1710,552,8,1,107.43
1711,552,34,1,90.07
1712,553,3,2,370.87
1713,553,7,4,304.99
1714,554,43,4,114.19
1715,554,34,3,90.07
1716,554,4,3,52.6
1717,554,15,1,60.08
1718,555,6,4,117.13
1719,555,41,1,457.44
1720,555,24,4,32.45
1721,555,24,1,32.45
1722,556,47,1,274.1
1723,557,34,1,90.07
1724,557,7,2,304.99
1725,558,43,2,114.19
1726,558,37,2,423.0
1727,558,36,4,117.61
1728,558,48,1,219.93
1729,558,50,3,498.69
1730,559,7,2,304.99
1731,559,12,4,352.09
1732,559,33,3,271.73
1733,559,43,2,114.19
1734,560,21,3,416.41
1735,560,24,4,32.45
1736,560,49,4,205.71
1737,561,37,2,423.0
1738,561,25,3,388.8
1739,562,1,1,22.26
1740,562,19,1,71.16
1741,562,34,2,90.07
1742,562,20,1,48.61
1743,563,2,3,130.0
1744,563,36,2,117.61
1745,563,7,1,304.99
1746,564,24,2,32.45
1747,564,15,3,60.08
1748,564,20,1,48.61
1749,565,47,1,274.1
1750,565,47,3,274.1
1751,566,7,3,304.99
1752,566,3,4,370.87
1753,566,6,1,117.13
1754,566,50,3,498.69
1755,566,23,4,292.9
1756,567,48,1,219.93
1757,567,41,4,457.44
1758,568,35,2,142.27
1759,568,21,2,416.41
1760,568,10,1,298.74
1761,569,49,1,205.71
1762,569,15,4,60.08
1763,569,19,4,71.16
1764,569,10,2,298.74
1765,570,36,4,117.61
1766,571,50,2,498.69
1767,571,49,2,205.71
1768,571,31,2,353.89
1769,571,32,4,308.47
1770,572,48,2,219.93
1771,572,16,1,57.39
1772,572,18,4,367.57
1773,572,21,1,416.41
1774,572,8,4,107.43
1775,573,23,1,292.9
1776,573,50,3,498.69
1777,573,11,3,381.82
1778,574,40,2,141.19
1779,574,29,1,89.7
1780,574,15,2,60.08
1781,574,44,3,203.86
1782,575,8,1,107.43
1783,576,19,1,71.16
1784,576,22,1,443.87
1785,577,48,2,219.93
1786,577,14,3,479.03
1787,578,45,1,80.01
1788,578,25,1,388.8
1789,579,45,3,80.01
1790,579,4,4,52.6
1791,580,43,3,114.19
1792,580,43,3,114.19
1793,580,7,1,304.99
1794,580,19,4,71.16
1795,581,21,4,416.41
1796,582,13,4,146.16
1797,582,36,1,117.61
1798,583,32,4,308.47
1799,583,48,2,219.93
1800,583,2,3,130.0
1801,584,16,3,57.39
1802,584,4,3,52.6
1803,584,25,1,388.8
1804,585,26,2,429.11
1805,585,6,4,117.13
1806,585,34,2,90.07
1807,586,20,3,48.61
1808,586,29,2,89.7
1809,586,14,2,479.03
1810,586,38,2,122.23
1811,587,9,4,215.56
1812,587,50,2,498.69
1813,587,42,2,439.42
1814,587,21,1,416.41
1815,587,36,1,117.61
1816,588,47,1,274.1
1817,588,49,3,205.71
1818,589,20,4,48.61
1819,589,48,3,219.93
1820,589,10,2,298.74
1821,589,7,2,304.99
1822,590,40,3,141.19
1823,590,39,2,404.47
1824,590,39,2,404.47
1825,590,15,1,60.08
1826,590,23,1,292.9
1827,591,39,4,404.47
1828,591,46,3,130.85
1829,591,12,4,352.09
1830,591,32,4,308.47
1831,591,9,2,215.56
1832,592,18,4,367.57
1833,593,49,2,205.71
1834,593,5,2,25.57
1835,594,32,3,308.47
1836,594,30,2,112.66
1837,594,28,4,321.49
1838,594,50,1,498.69
1839,594,39,4,404.47
1840,595,39,1,404.47
1841,595,34,1,90.07
1842,595,29,4,89.7
1843,595,3,2,370.87
1844,595,34,4,90.07
1845,596,34,1,90.07
1846,596,13,3,146.16
1847,596,29,4,89.7
1848,596,20,3,48.61
1849,597,4,2,52.6
1850,597,30,4,112.66
1851,597,6,1,117.13
1852,597,12,2,352.09
1853,597,26,4,429.11
1854,598,38,2,122.23
1855,598,30,1,112.66
1856,598,17,3,305.83
1857,598,45,2,80.01
1858,599,46,4,130.85
1859,600,47,2,274.1
1860,600,25,4,388.8
1861,600,3,2,370.87
1862,600,22,2,443.87
1863,601,27,3,196.26
1864,602,41,2,457.44
1865,602,8,2,107.43
1866,602,13,1,146.16
1867,603,32,4,308.47
1868,603,35,1,142.27
1869,603,39,4,404.47
1870,603,16,2,57.39
1871,604,29,1,89.7
1872,604,39,1,404.47
1873,604,16,3,57.39
1874,604,40,2,141.19
1875,605,3,2,370.87
1876,605,3,3,370.87
1877,605,22,1,443.87
1878,606,11,3,381.82
1879,606,40,2,141.19
1880,607,3,1,370.87
1881,607,50,3,498.69
1882,607,21,3,416.41
